True,Predicted
707.46,707.3337000000004
708.54,708.1081999999993
706.67,707.7063000000003
707.92,707.9388999999996
707.82,707.7691000000004
708.14,707.7624999999994
707.84,707.6520999999999
708.17,707.8115000000001
