True,Predicted
707.46,707.0137597086368
708.54,708.4854385517173
706.67,707.5260767558287
707.92,707.8670111497261
707.82,707.8436637330514
708.14,707.5314854185066
707.84,708.2112563579432
708.17,707.6286772494898
