True,Predicted
707.46,705.7534376928609
708.54,708.7118028839867
706.67,707.9841094833961
707.92,708.1224650467851
707.82,708.3358807652123
708.14,706.4203668295866
707.84,707.4731462085838
708.17,707.2489595712262
