True,Predicted
707.46,707.1382
708.54,708.4689
706.67,707.5996
707.92,707.0437
707.82,707.68896
708.14,707.94653
707.84,708.5543
708.17,707.55066
